,ⓁA,ⓁB,ⓁC,ⓁD,ⓁE,ⓁF,ⓁG,ⓁH,ⓁI,ⓁJ,ⓁK,ⓁL,ⓁM,ⓁN,ⓁO,ⓁP,ⓁQ,ⓁR
Mrp: 1ex/2pl: *kam- →*ᵑgam-,1,1,1,1,1,1,1,1,1,1,1,1,1,1,1,0,1,1
Mrp: 1ex:du: *gama‑ru(a),0,1,0,0,0,0,0,0,0,0,0,1,1,1,1,1,1,0
Mrp: 1ex+2 tri: *tilk- →*kɪlk-,0,0,0,0,0,0,0,0,0,0,0,0,0,0,1,1,0,0
Mrp: 1excl:pl: *gamai →*gamami,0,1,1,1,1,1,1,1,1,1,1,0,0,0,0,0,1,1
Mrp: 1inc: *kita > *kiⁿda,1,1,1,1,1,1,1,1,1,1,1,1,1,1,1,1,1,1
Mrp: 1incl:du: *darua →*daru,0,0,0,0,0,0,0,0,0,0,0,0,1,0,0,0,0,0
Mrp: 1incl:du: *ʔidarua →*ʔidua,0,0,0,1,0,0,0,1,0,0,0,0,0,0,0,1,0,0
Mrp: 1incl:du: *ʔidarua →*darua,1,0,0,0,1,1,0,0,1,NA,1,1,1,1,1,0,1,0
Mrp: 1incl:pl: *ʔiⁿda > *niⁿda,0,0,0,0,0,0,0,0,1,1,1,0,0,0,0,0,0,0
Mrp: 1sg suffix: *-gisa,1,NA,1,NA,1,1,0,0,0,0,0,0,0,0,0,0,0,0
Mrp: 1sg:Aor: *nau gu →naug‑,1,1,1,1,1,1,0,0,0,0,0,0,0,0,0,0,0,0
Mrp: 2du: *‑mu‑ru(a),0,0,0,0,0,0,0,0,0,0,0,1,1,1,1,1,0,0
Mrp: 2pl: *-muyu > *-miu,1,1,1,1,1,1,1,1,1,1,1,1,1,1,1,0,1,0
Mrp: 2sg: *iᵑgo →*niᵑgo,0,1,1,1,1,1,1,1,1,1,1,1,1,1,1,1,1,1
Mrp: 2sg Poss: *mu >mʷa (>ŋ),0,0,1,0,0,0,0,0,1,0,1,1,1,1,1,1,1,1
Mrp: 2sg Poss: *mu > u,1,1,0,0,1,1,0,0,0,0,0,0,0,0,0,0,0,0
Mrp: 3du: *nirarua →*rarua,0,0,0,0,0,0,0,0,1,0,1,1,1,1,0,0,0,0
Mrp: 3du: *‑ra‑ru(a),0,0,0,0,0,0,0,0,0,0,0,0,1,0,0,0,1,0
Mrp: 3pl: *r>*s,1,1,0,0,0,0,0,0,0,0,0,0,0,0,0,0,0,0
Mrp: 3pl: *nira >*ʔira,0,0,0,0,0,0,0,0,0,0,0,0,0,0,0,1,0,0
Mrp: 3sg: *n->*d-,0,0,0,0,0,0,1,1,0,0,0,0,0,0,0,0,0,0
Mrp: 3sg: *nia >*gia,0,0,1,1,1,1,0,0,0,0,0,0,0,0,0,0,1,0
Mrp: 3sg possessor: *-na →*-ʔi,0,0,0,0,0,0,0,1,0,0,0,0,0,0,0,0,0,0
Mrp: 3sg suffix: *‑ʔi,0,0,1,1,1,1,1,1,1,1,0,0,0,0,0,0,0,0
Lex: a bit: *ʔalaʔi,0,0,0,0,0,0,0,0,0,0,1,1,1,1,1,1,1,0
Lex: across': *barabara,0,0,0,0,0,0,0,0,0,0,0,1,1,0,0,0,0,0
Lex: across': *baritaʔi,0,0,0,0,0,0,0,0,0,0,0,0,0,1,1,1,0,0
ISC: again: *mulVŋi,NA,NA,NA,0,0,NA,NA,NA,1,1,1,0,0,0,0,0,0,0
Lex: again: *wolaʔi,1,1,1,1,0,0,0,0,0,0,0,0,0,0,0,0,0,0
Lex: again: *ɸaraʔ(a)i??,1,1,1,0,0,0,0,0,0,0,0,0,0,0,0,0,0,0
Lex: again: /sɛ/,0,0,0,0,1,1,0,0,0,0,0,0,0,0,0,0,0,0
Lex: again: /rɛk/,0,0,0,0,0,0,1,1,0,0,0,0,0,0,0,0,0,0
Lex: angry: *lolosaa(ti),0,1,1,1,0,0,1,1,0,0,0,0,0,0,0,0,0,0
Lex: angry: *lolo-gotogoto,0,0,0,0,0,0,0,0,0,0,0,0,1,NA,1,1,0,0
Lex: another: *tuara,0,0,0,0,0,0,0,0,1,1,1,1,1,1,1,1,1,1
Mrp: Aor 1sg: loss of *gu,0,0,0,0,0,0,0,0,1,1,1,1,1,1,1,1,1,1
Mrp: Aor 3sg: loss of *ni,0,0,0,0,0,0,0,0,0,0,0,1,1,1,1,1,1,1
ISC: arm: *bani →*bane,0,0,1,1,1,1,0,0,0,0,1,0,0,0,0,0,0,0
Lex: arm: *lima →*bani,0,0,1,1,1,1,1,1,1,1,1,0,0,0,0,0,0,0
Mrp: article: *na → *wo,0,0,0,0,0,0,0,0,1,1,1,1,1,1,0,0,0,0
RSC: Assibilation: *ti > *si,0,1,0,0,0,0,0,0,0,0,0,0,0,0,0,1,0,0
Lex: awake: *mataraᵑga,0,0,1,1,1,1,0,0,0,0,0,0,0,0,0,0,0,0
Lex: back: *takuRu →*gula,1,1,1,1,1,1,1,1,1,1,1,0,0,0,0,0,0,0
Lex: back: *takuRu →ʔatVʔo,0,0,0,0,0,0,0,0,0,0,0,0,1,1,1,1,1,0
ISC: bad: *saati →*tatasi,0,0,0,0,0,0,0,0,NA,NA,1,1,1,0,0,0,0,0
ISC: bad: *saati →*tisei,0,0,0,0,0,0,0,0,1,1,0,0,0,0,0,0,0,0
ISC: bad: *saa →*saati,0,0,1,1,1,1,1,1,NA,NA,NA,NA,NA,0,0,0,1,NA
Lex: bake: *bʷaraŋisi,0,0,NA,1,1,1,1,1,1,1,1,0,0,0,0,0,0,0
Lex: bamboo: */ni-ɸinhɛ/,0,0,0,0,1,1,0,0,0,0,0,0,0,0,0,0,0,0
Lex: bamboo: *au > *bue,0,0,0,0,0,0,0,0,0,0,0,1,1,1,1,1,NA,NA
ISC: be like: *tamega,0,0,0,0,0,0,0,0,1,1,0,0,0,0,0,0,0,0
Mrp: be like: *tamʷa(ge),0,0,0,0,0,0,0,0,1,1,1,1,1,0,0,0,0,0
Mrp: be like: *mʷare(i),0,0,0,0,0,0,0,0,0,0,0,0,1,1,1,1,1,1
ISC: beard: *ʔumi →*ʔuŋi,0,0,0,0,0,0,0,1,1,1,1,1,1,0,0,0,0,0
Lex: because:  /welai-ge/,0,0,1,1,0,0,0,0,0,0,0,0,0,0,0,0,0,0
Lex: bed: *tano-eba,0,1,0,1,NA,0,1,NA,1,1,1,0,0,0,0,0,0,0
Lex: bird: *manu →*masi,0,0,0,0,0,0,0,0,0,0,0,0,0,1,1,1,0,0
Lex: Birgus sp: */ʔasusu/,1,1,0,0,0,0,0,0,0,0,0,0,0,0,0,0,0,0
ISC: bite: *ʔaRati →*ʔati,0,0,0,0,0,0,0,0,0,0,0,0,0,0,0,0,1,1
ISC: bite: *ʔaRat →*ʔaRati,0,0,0,0,0,0,0,0,0,0,0,1,1,1,1,1,1,1
Lex: black: *maeto →guroguro,0,0,0,0,0,0,1,1,1,1,0,0,0,0,0,0,0,0
Lex: black: *maeto →maliʔo²,1,NA,1,1,1,1,NA,NA,NA,NA,0,0,0,0,0,0,0,0
Lex: black: *maeto →/wariʔo/,0,0,0,0,0,0,0,0,0,0,0,1,1,1,NA,1,0,0
Lex: body: *turu-ʔi,0,0,0,0,0,0,0,0,1,0,1,1,1,0,0,0,1,1
Lex: body: *tarabe,1,1,1,1,1,1,1,1,1,1,1,0,0,0,0,0,0,0
ISC: broken: *late →*lete,1,1,1,0,0,0,1,1,1,0,0,0,0,0,0,0,0,NA
Lex: butterfly: *bebe →*rubo,0,0,0,0,0,0,1,1,1,1,0,0,0,0,0,0,0,0
ISC: call: *ɸare > *ware,0,0,0,0,0,0,0,0,0,0,0,0,0,0,0,0,1,1
Lex: call: *ɸare,0,0,0,0,0,0,0,0,0,0,0,1,1,1,1,1,1,1
ISC: Canarium: *aŋaRi,0,0,0,0,0,0,0,0,1,1,1,1,1,1,1,1,1,1
ISC: canoe: *waga →*aga,0,1,0,0,0,0,0,1,1,1,1,1,1,1,1,1,1,1
ISC: canoe: *waga >> */ɔᵑg/,0,0,1,1,1,1,1,0,0,0,0,0,0,0,0,0,0,0
Lex: carry on stick: *tatabʷai,1,NA,1,1,1,1,1,0,0,0,0,0,0,0,0,0,0,0
Lex: Casuarina: *aru>*ramʷos,0,0,0,0,0,0,0,0,0,0,0,1,1,1,1,1,0,0
Lex: chat: *usuriʔ(a),0,0,0,0,0,0,0,0,0,0,0,0,1,1,1,1,NA,1
Lex: chat: *gagagae,0,0,1,1,1,1,1,1,1,1,1,1,0,0,0,0,0,0
Lex: child: *maʔola,1,1,0,0,0,0,0,0,0,0,0,0,0,0,0,0,0,0
Lex: clothes: *ʔaʔaɸu,0,0,0,0,0,0,0,0,1,NA,NA,1,0,0,0,0,1,1
ISC: coconut: *matui →*matiʔi,0,0,1,1,1,1,1,1,NA,NA,1,0,NA,0,0,0,NA,0
ISC: coconut: *matui →matou,0,0,0,0,0,0,0,0,1,1,0,NA,1,0,0,0,1,NA
Lex: coconut: *niuR →*matui,1,1,1,1,1,1,1,1,1,1,1,1,1,1,1,1,1,0
ISC: cold:  →malasisi,1,1,0,0,0,0,0,0,0,0,0,0,0,NA,NA,0,0,0
ISC: cold: madidi →mamaʔidi,0,0,0,0,0,0,1,1,1,1,0,0,0,NA,NA,0,0,0
ISC: cold: madidi →mariri,0,0,0,0,1,1,0,0,0,0,1,1,1,1,NA,0,1,0
RSC: compensatory L: ‑r# >Vː,0,0,0,0,0,0,0,0,0,0,0,0,0,0,0,1,0,0
RSC: compensatory L: ‑ʔ# >Vː,0,0,0,0,0,0,0,0,0,0,0,0,0,0,1,0,0,0
Mrp: Complementiser: */sɔ/,0,0,0,1,NA,1,0,1,0,0,0,0,0,0,0,0,0,0
Mrp: Complementiser: /(k)ak/,0,0,0,0,0,0,0,0,0,0,0,0,1,1,0,0,0,0
Mrp: Complementiser: */si/,0,0,0,0,0,0,0,0,0,0,0,1,0,0,0,0,1,0
ISC: completive: *mada → *mala,0,0,0,1,1,1,1,0,0,0,0,0,0,0,0,0,0,0
Lex: completive: *mada,0,1,1,1,1,1,1,1,0,0,0,0,0,0,0,0,0,0
Mrp: completive: *mada → *nokV,0,0,0,0,0,0,0,0,0,0,0,0,1,1,1,1,0,0
Mrp: completive: *mada → *veta,0,0,0,0,0,0,0,0,1,1,1,1,0,0,0,0,1,0
ISC: Cordyline: *karia →*garia,0,0,NA,0,0,0,0,0,0,0,1,1,1,NA,NA,1,NA,1
"Lex: count, read: *ɸasoʔo",0,0,0,0,0,0,1,NA,1,1,1,1,1,0,0,0,0,0
"Lex: count, read: *lukun",1,1,0,0,0,0,0,0,1,1,1,1,1,1,1,1,0,0
"Lex: count, read: *ɸatasV",0,0,0,0,1,1,0,0,0,0,0,0,0,0,0,0,0,0
ISC: crayfish: uraŋ>raʔu,1,1,1,0,0,0,0,0,0,0,0,0,0,0,0,0,0,0
ISC: crayfish: [u>i]raŋ,0,0,0,1,1,1,1,1,0,0,0,0,0,0,0,0,0,0
ISC: crayfish: *uraŋ(i),0,0,0,0,0,0,0,0,0,0,0,0,0,1,1,1,0,0
Mrp: Cstr suffix merged: *-ni →-na,0,0,1,1,1,1,1,0,0,1,0,0,0,0,1,1,0,0
Mrp: Cstr suffix merged: *-ni →-i,0,0,0,0,0,0,0,0,0,0,0,1,1,1,0,0,1,1
Sytx: Cstr suffix plural: X-ra + NP,0,0,0,0,0,0,0,0,0,0,0,0,1,NA,1,1,1,1
ISC: cupboard: *mʷVtoe > *bʷatoe,0,0,0,0,0,0,1,1,1,0,0,0,0,0,0,0,0,0
Lex: cupboard: *mʷVtoe,0,0,1,1,1,1,1,1,1,0,0,0,0,0,0,0,0,0
Lex: cupboard: *buʔoro,0,0,0,0,0,0,0,0,0,1,1,1,1,1,1,1,1,NA
Lex: dance: *lagalaga,0,0,1,1,1,1,1,1,1,1,1,1,1,1,1,1,1,0
Mrp: Dative: *su(R)i,1,1,1,1,1,1,0,0,0,0,0,0,0,0,0,0,0,0
Lex: deep: bʷua →roro,0,0,NA,1,0,0,NA,1,1,1,1,NA,NA,NA,NA,NA,0,0
RSC: de-labialisation: *kpʷ>kʷ,1,1,1,0,0,0,0,0,0,0,0,0,0,0,0,0,1,1
RSC: dental: *ⁿd > ʧ,0,0,0,0,0,0,0,0,0,0,0,0,0,0,1,1,0,0
RSC: devoicing: *ᵑg>*k,1,1,1,0,0,1,1,1,1,1,1,1,1,1,1,1,1,1
RSC: devoicing: *ᵐb>*p,1,1,1,0,0,0,1,0,0,1,1,0,0,0,1,1,0,0
Lex: different: *sasae →*teʔasae,0,0,1,0,1,1,0,0,0,0,0,0,0,0,0,0,0,0
ISC: dig: *keli →*kili,1,1,1,1,1,1,1,1,1,1,1,1,1,1,1,1,NA,1
Lex: dirty: *leba,0,0,0,1,1,1,NA,0,0,0,1,0,0,0,0,0,1,0
Lex: dirty: *bulua,0,0,0,0,0,0,NA,1,1,1,1,1,1,NA,NA,1,1,0
Lex: disappear: *bʷaleŋa,0,0,1,1,1,1,1,1,1,NA,1,0,0,0,0,0,0,0
Prg: DiscDx: light form,0,0,1,1,1,1,1,1,1,1,0,0,0,0,0,0,0,0
Prg: DiscDx: clause backgr,0,0,1,1,1,1,1,1,1,1,1,1,1,1,1,1,1,0
Lex: do what?: *aᵑgVtaʔi,0,0,0,1,1,1,0,0,0,0,0,0,0,0,0,0,0,0
"Lex: do, make: *aᵑgV",0,0,0,1,1,1,0,0,0,0,0,0,0,0,0,0,0,0
ISC: dolphin: guRio,0,0,1,1,1,1,1,1,1,1,1,1,1,1,1,1,1,1
Lex: dolphin:  /suwsuwtaj/,0,0,1,1,0,0,0,0,0,0,0,0,0,0,0,0,0,0
Lex: down: *sipo →*suʔo,1,1,1,1,1,1,1,1,1,1,1,NA,NA,NA,NA,1,1,1
ISC: drink: *simi →*sumi,0,0,0,0,0,0,0,0,1,1,0,0,0,0,0,0,0,0
ISC: drink: *unu →*sunu,0,0,0,0,0,0,1,0,0,0,0,0,0,0,0,0,0,NA
ISC: drink: *inu →*unu,NA,1,1,0,1,0,1,0,NA,NA,1,NA,NA,1,1,1,NA,0
Lex: drink: *inu →*simi,0,0,0,0,0,0,0,0,1,1,1,1,1,0,0,0,1,0
Mrp: Drinks: merger *ma/ʔa,1,1,0,0,0,0,0,0,0,0,0,0,0,0,0,0,0,0
Mrp: Drinks: merger *ma/no,0,0,0,0,0,0,0,0,0,0,0,0,1,1,1,1,0,0
ISC: dry: *maRaŋo →u,0,0,1,NA,1,1,0,NA,1,0,1,1,0,0,0,0,0,0
Lex: ears: *bʷoro,0,0,0,0,0,0,0,0,1,1,1,1,1,0,0,0,1,1
Lex: egg: *tolu →*wasai,0,0,0,0,0,0,0,0,1,1,0,1,1,1,1,NA,0,0
Lex: enough: /haʧ/,0,0,0,0,0,0,0,0,0,0,0,0,0,0,0,1,0,0
Lex: enter: *ole,0,0,0,0,0,0,0,0,0,0,0,0,0,1,1,1,0,0
ISC: Erythrina: *raraɸ(i),0,0,NA,NA,NA,0,NA,1,1,0,1,1,1,NA,NA,1,NA,1
Lex: fall: *soɸi →*mʷasu,0,0,0,0,0,0,1,1,1,1,1,0,0,0,0,0,0,0
ISC: fan palm: *dau-ɸiu →*dauɸi,1,1,0,1,NA,1,1,1,0,NA,NA,NA,NA,NA,0,0,NA,0
Lex: fan palm: *dau-ɸiloʔi,0,0,0,0,1,0,0,0,0,NA,1,1,1,1,0,0,1,0
ISC: fear: *mataʔut-i,0,0,0,0,0,0,0,0,0,0,0,0,1,1,1,1,1,NA
Lex: fear: *bʷonaʔi,0,0,0,0,0,0,0,0,1,1,1,1,0,0,0,0,0,0
Mrp: Fem:Sg: *ratiʔai,1,1,0,0,0,0,0,0,0,0,0,0,0,0,0,0,0,0
ISC: fence: *ʔeara,0,0,0,1,1,1,0,NA,0,0,1,1,0,0,0,0,NA,0
Lex: fence: *babala,1,1,0,0,0,0,0,0,0,0,0,0,0,0,0,0,0,0
RSC: final: ‑ʔ# >Ø,0,0,1,1,0,0,0,0,0,0,0,0,0,0,0,0,0,0
RSC: final C: ‑C# >Ø,1,1,1,1,1,1,1,1,1,1,1,1,1,1,1,1,1,1
Lex: find: *suari →*sasa,0,0,0,0,1,1,0,0,0,0,0,0,0,0,0,0,0,0
Lex: find: *suari →*soʔoti,0,0,1,1,0,0,1,NA,1,0,0,0,0,0,0,0,0,0
Lex: find: *suari →*wune,0,0,0,0,0,0,0,0,0,0,0,1,1,NA,1,1,1,0
ISC: firewood: *lito →*ralito,0,0,0,0,0,0,0,0,1,1,0,1,0,0,0,0,0,0
"ISC: first, before: *mʷoa →mʷoaʔa",0,0,1,1,1,1,0,0,0,0,0,0,0,0,0,0,0,0
"ISC: first, before: *muqa →*mʷoa",1,NA,1,1,1,1,NA,NA,1,1,1,1,1,1,1,1,1,0
"Lex: first, before: *towotowo",1,1,0,0,0,0,1,1,0,0,0,0,0,0,0,0,0,0
Lex: fish: *ika →*mʊmʊ,0,0,0,0,1,1,1,0,0,0,0,0,0,0,0,0,0,0
Lex: fish: *ika → *masi,0,0,0,0,0,0,0,1,1,0,0,0,1,1,1,1,0,1
Lex: flying-fox: *bʷaratu →*manu-ʔona,0,0,0,0,0,0,0,0,0,0,0,0,0,1,1,1,0,0
Lex: foolish: *tuba,0,0,0,0,0,0,0,0,0,0,1,0,0,0,0,0,1,0
Lex: forget: *lolo- + bʷoŋi,1,1,1,1,1,1,1,1,NA,1,1,0,0,0,0,0,0,0
Lex: forget: *lolo- + sili,0,0,0,0,0,0,0,0,0,0,0,1,1,1,1,1,1,0
Mrp: Future: */te/,0,0,1,1,1,1,0,0,0,0,0,0,0,0,0,0,0,0
Mrp: Future: *te-,0,0,1,1,1,1,0,0,0,0,0,0,0,0,0,0,0,0
Mrp: Future: */ʔa/,0,0,0,0,0,0,1,0,1,1,0,0,0,0,1,1,0,0
Lex: garden: *tubʷei,0,0,1,1,1,1,1,1,1,1,1,NA,NA,NA,1,0,0,0
ISC: GenClas: *mou →*moʔu,0,0,0,0,0,0,1,0,1,1,0,0,0,0,0,0,0,0
ISC: General: *no → *ro,0,0,1,1,1,0,1,0,0,0,0,0,0,0,0,0,0,0
Lex: General: *mo(ʔ)u,0,0,1,1,1,1,1,1,1,1,1,1,1,1,1,1,1,0
Mrp: General: *no →*moʔu,0,0,0,0,0,0,0,1,1,1,1,1,1,1,1,1,1,0
RSC: glottal: q >Ø,1,1,1,1,1,1,1,1,1,1,1,1,1,1,1,1,1,1
RSC: glottal: *t>ʔ,0,0,0,0,0,0,1,1,0,0,0,0,0,0,0,0,0,0
Lex: good: */itʊk/,0,0,1,1,1,1,1,1,0,0,0,0,0,0,0,0,0,0
ISC: grass: *ɸalisi →*ɸalise,1,1,0,0,0,0,0,0,0,0,0,0,0,0,0,0,0,0
Lex: green: *malakesa →*tuturuʔa,0,0,0,0,0,0,1,1,1,1,1,1,1,NA,NA,1,0,0
Lex: handle: *bala(i),0,0,0,0,0,0,0,0,1,NA,1,1,1,NA,1,1,1,NA
Lex: happy: *malagalaga,1,1,1,1,1,1,1,1,1,1,1,1,1,1,1,1,1,0
ISC: heron: ʔaoɸa →gaoɸa,0,0,0,0,0,0,0,0,0,NA,1,1,1,NA,0,0,1,0
ISC: heron: ʔaoɸa →oɸa,0,0,1,0,NA,0,1,0,0,NA,0,0,0,NA,1,0,0,1
Lex: hide: */loŋoɸaʔi/,0,0,0,1,1,1,0,0,0,0,0,0,0,0,0,0,0,0
ISC: hierarchy: *subʷe →*vasubʷe,0,0,0,0,0,0,0,0,0,0,0,0,1,1,1,1,0,0
ISC: hold: *tauri>tori,0,1,1,1,1,1,1,NA,NA,1,0,1,0,0,1,NA,1,1
Lex: hold: *ʔisi,0,1,0,0,0,0,1,1,1,1,0,0,0,0,1,1,0,0
Lex: hole: *bʷaraŋa,1,1,1,1,1,1,1,1,1,1,1,NA,1,1,1,1,NA,NA
Lex: hot: *tutunu →*sawu²,0,0,1,1,1,1,0,0,0,0,0,0,0,0,0,0,0,0
ISC: house: *yumʷa > *imʷa,1,1,1,1,1,1,1,1,1,1,1,1,1,1,1,0,1,NA
ISC: house: *Rumaq →*yumʷa,1,1,1,1,1,1,1,1,1,1,1,1,1,1,1,1,1,NA
Lex: house: *im̄a → ʔaɸuru,0,0,0,0,0,0,0,0,1,0,0,1,1,1,1,0,0,0
Mrp: Hum:Pl: *raʔai,0,0,0,1,1,1,1,1,1,1,1,0,0,0,0,0,0,0
Lex: hunger: *maliŋsala,0,0,0,0,0,0,0,1,1,1,1,1,0,0,0,0,0,0
Lex: hunger: *maroʔara,0,0,1,1,0,1,1,0,0,0,0,0,0,0,0,0,0,0
Mrp: Imperf: t­… ti,0,0,0,0,0,0,0,0,1,1,1,1,1,1,1,1,0,0
ISC: in 2 days: waRisa,0,0,0,0,0,0,0,0,0,0,0,1,1,1,1,1,1,1
Lex: in vain: *lolo/*matila1,0,0,0,0,0,0,0,0,1,1,1,1,1,NA,1,1,NA,0
Lex: in vain: *lolo/*matila2,1,1,1,1,1,1,1,1,0,0,0,0,0,NA,0,0,NA,0
ISC: Incl Tri: *tolida,0,0,0,0,0,0,0,0,0,0,0,0,0,1,1,1,NA,0
Mrp: Indef: *tuara,0,0,0,0,0,0,0,0,0,0,0,1,1,1,1,1,0,0
Lex: intensifier: *adeade,0,0,0,0,0,0,0,0,1,1,1,0,0,0,0,0,0,0
ISC: kava: *ʔa(w)a →*ʔea,0,1,0,0,0,0,0,1,1,1,1,1,1,1,1,1,NA,NA
Lex: kava: *ʔa(w)a →/bʷaʔoʔoa/,0,0,0,0,0,0,0,0,0,0,0,0,0,0,1,1,0,0
ISC: knee: *bʷau →*tabʷu,0,0,0,0,0,0,1,1,0,0,0,0,0,0,0,0,0,0
ISC: knee: *bʷau →*ʔaratabʷu,0,0,0,0,0,0,0,0,0,0,0,1,1,1,0,0,0,0
Lex: knife: *ʔa-sali,0,0,1,NA,1,1,1,1,1,1,1,1,NA,NA,1,1,1,0
Lex: know: *lolomarani,1,1,0,0,0,0,0,0,0,0,0,0,0,0,0,0,0,0
Lex: know: *roŋo,0,0,0,0,0,0,0,0,0,0,0,0,0,1,1,1,0,0
Lex: know: *ɸaʔila,0,0,0,0,0,0,0,0,0,0,0,1,1,NA,NA,1,0,0
RSC: labialvelar: *gbʷ>kpʷ,1,1,1,1,0,1,1,1,1,1,1,1,1,1,1,1,1,1
RSC: labialvelar: *bʷ>gbʷ,1,1,1,1,1,1,1,1,1,1,1,1,1,1,1,1,1,1
Lex: Laticauda: *takulasi →*mʷai,0,0,1,1,1,1,1,1,1,1,1,1,1,1,1,1,1,0
Lex: laugh: *uru →*mʷarae,0,0,1,1,1,1,0,0,0,0,1,0,0,0,0,0,0,0
Lex: laugh: *uru →*boro,0,0,0,0,0,0,1,1,1,1,1,0,1,1,1,0,0,0
Lex: laugh: *uru →*riwa,1,NA,NA,NA,1,1,0,0,0,0,0,0,0,0,0,0,0,0
ISC: leaf: *rau → *ⁿrau,0,0,1,1,0,0,1,1,1,1,1,1,1,1,1,1,1,1
ISC: left hand: *ʔalawa>*ʔalao,0,0,1,1,1,1,1,1,1,1,1,1,1,1,1,1,1,0
Lex: left hand: *mawiRi →*ʔalawa,1,1,1,1,1,1,1,1,1,1,1,1,1,1,1,1,1,1
"Lex: leg, foot: *raŋo",1,1,1,1,1,1,1,1,1,1,1,1,1,1,1,1,1,1
RSC: lenition: *k>*ʔ,1,1,1,1,1,1,1,1,1,1,1,1,1,1,1,1,1,1
RSC: lenition: *p>*ɸ,1,1,1,1,1,1,1,1,1,1,1,1,1,1,1,1,1,1
ISC: lie: *eno → *one,0,0,0,0,0,0,1,1,1,1,NA,1,1,1,1,0,1,NA
Lex: lie: *eno →*risa,0,0,0,0,0,0,0,0,0,0,1,0,0,0,0,0,0,0
"Lex: lie, deceive: *ʔale",0,0,1,1,1,1,1,1,1,1,1,1,1,1,1,1,1,1
ISC: life: *asu > *esu ?,0,0,1,1,1,1,1,1,1,1,1,1,1,1,1,1,1,0
ISC: lift: ragat(i),0,0,0,0,0,0,0,0,0,0,0,0,1,1,1,1,0,NA
ISC: lift up s.t. heavy: *sasa(ŋi),0,0,0,0,0,0,0,0,1,NA,1,1,1,NA,1,1,NA,1
Lex: light: *mamani,1,1,1,0,0,0,0,0,0,0,0,0,0,0,0,0,0,0
Lex: light (adj): *matagetage,0,0,0,0,0,0,0,0,0,1,1,1,1,1,1,1,1,0
Lex: like: *ŋisi,1,1,0,0,0,0,0,0,0,0,0,0,0,0,0,0,0,0
Lex: like: *marosi,0,0,1,1,1,1,1,1,1,1,1,1,1,1,1,1,1,0
ISC: live: *esu →*asu,1,1,0,0,0,0,0,0,0,0,0,0,0,0,0,0,0,0
Lex: live: *maqurip →*esu,1,1,1,1,1,1,1,1,1,1,1,1,1,1,1,1,1,0
ISC: long: *bara(ɸ)u,1,1,1,1,1,1,0,0,1,1,1,1,1,1,1,NA,1,1
ISC: long: *barau>sarau,0,0,0,0,1,1,0,0,0,0,0,0,0,0,0,0,0,0
Lex: long: *barau>elvet,0,0,0,0,0,0,0,0,1,1,0,0,0,0,0,0,0,0
ISC: make: *ⁿdao > *ⁿdaʔo,0,0,0,0,0,0,0,0,0,0,0,0,1,1,1,NA,1,1
ISC: man: *atamʷane →*-mʷine,0,0,0,0,0,0,0,0,1,1,0,0,0,0,0,0,0,0
Lex: man: *mʷereata,0,0,0,0,0,0,0,0,0,0,1,1,1,1,1,1,1,0
Lex: many: *mʷaⁿdaʔi,0,0,0,1,NA,1,0,0,0,0,0,0,0,0,0,0,0,0
Phr: me & X: *tua-gu X,0,0,0,0,0,0,0,1,1,1,1,1,1,1,1,1,1,0
RSC: merger: *R = *r,1,1,1,1,1,1,1,1,1,1,1,1,1,1,1,1,1,1
RSC: merger: *ⁿd => n,0,0,0,0,0,0,0,0,0,1,1,0,0,0,0,0,0,0
Lex: moon: *muwia,1,NA,1,1,0,0,0,0,0,0,0,0,0,0,0,0,0,0
Lex: moon: *siŋaRi,0,0,0,0,0,0,0,0,0,0,0,1,1,NA,0,0,0,0
ISC: morning: *mataɸas-i,0,0,0,0,0,0,0,0,0,0,0,0,0,0,1,1,0,0
Lex: morning: */rorwor/,0,0,0,0,0,0,0,0,0,0,0,0,1,1,0,0,0,0
ISC: mosquito: *namuk(i),0,0,0,0,0,0,0,0,0,0,0,0,1,1,1,1,0,0
Lex: mosquito: *namu →*ŋora,1,0,0,0,0,0,0,0,0,0,0,0,0,0,0,0,0,0
Lex: mother: *veve,0,0,0,1,1,1,NA,1,NA,NA,1,1,1,1,1,1,1,1
"Lex: mouth, snout: *ŋora",1,NA,1,1,1,1,1,1,0,0,0,0,0,0,0,0,0,0
ISC: name: *sasa,0,0,1,1,1,1,1,1,1,1,1,1,1,1,1,1,1,1
ISC: near: *riɸitaʔ →*ɸiritaʔ,0,0,0,0,0,0,0,0,0,0,0,0,1,1,0,0,NA,1
Mrp: Neg:Exist: *tatasi,0,0,0,0,1,1,0,0,0,0,0,0,0,0,0,0,0,0
Mrp: Neg:Exist: *odeŋa,0,0,0,0,0,0,0,0,1,1,0,0,0,0,0,0,0,0
Mrp: Neg:Exist: *begV,0,0,0,0,0,0,0,0,0,0,0,1,1,1,0,0,0,0
Mrp: Neg:Exist: *iɸi,0,0,0,0,0,0,1,0,0,0,0,0,0,0,1,1,0,0
Mrp: Neg2: */rʊs/,0,0,0,0,0,0,0,1,0,0,0,0,0,0,0,0,0,0
Mrp: Neg2: */ate… mi/,0,0,0,0,0,0,0,0,0,0,0,1,1,1,0,0,0,0
Mrp: Neg2: */ate… aɸʊh/,0,0,0,0,0,0,0,0,0,0,0,0,0,1,1,1,0,0
Mrp: Neg2: */ate… tea/,0,0,1,1,1,1,1,0,0,0,0,0,1,0,0,0,1,1
"ISC: nettle: [s,g]alato",1,1,1,1,NA,0,1,1,0,0,1,NA,0,NA,0,0,0,NA
Mrp: new PCL: *moʔu,0,0,1,1,1,1,1,1,1,1,1,1,1,1,1,1,1,0
Lex: noon: *liɸʷo-marani,0,0,1,1,1,1,1,1,1,1,1,0,0,0,0,0,0,0
Lex: nose: *icuŋ →*maⁿdu,1,1,1,1,1,1,1,1,1,1,1,1,1,1,1,1,1,0
Mrp: not yet': *tene,0,0,0,0,0,0,0,1,1,0,0,0,0,0,0,0,0,0
Mrp: not yet': *bʷai,1,1,1,0,0,0,0,0,0,0,0,0,0,0,0,0,0,1
Mrp: not yet': *tubʷai,0,0,0,1,1,1,0,0,0,0,1,0,0,0,0,0,1,1
Mrp: Num Prefix: *ni-,0,0,0,0,0,0,0,0,1,1,1,NA,NA,NA,1,1,0,0
Mrp: Num Prefix: *ɸa-,1,1,1,1,1,1,1,1,0,0,0,0,0,0,0,0,0,0
Mrp: Num Prefix: *s-,0,0,0,0,0,0,0,0,0,0,0,0,1,0,0,0,0,0
Mrp: Num Prefix: *i-,0,0,0,0,0,0,0,0,0,0,0,1,NA,1,0,0,1,1
Lex: numerals: Quinary,1,1,1,1,1,1,1,1,1,1,1,1,1,1,1,1,1,1
"Mrp: Obl, Exist: *abena",0,0,1,0,1,0,1,1,0,1,1,1,0,0,0,0,1,0
ISC: one: *tuwae →*tuwale,0,0,0,0,0,0,1,1,1,1,1,1,1,1,0,0,1,NA
ISC: one: *tuwae →*tuwaʔe,0,0,NA,NA,1,1,0,0,0,0,0,0,0,0,0,0,0,0
Lex: or: *si →le,0,0,0,0,0,0,0,0,0,0,0,0,1,1,1,1,0,0
Lex: outside: *?? →*salili,0,0,1,1,1,1,0,0,0,0,0,0,0,0,0,0,0,0
ISC: oven: *umu>*uu,1,1,0,0,1,1,NA,NA,0,0,0,0,0,0,0,0,0,0
Lex: painful: *maʔaɸi,0,0,0,0,0,0,0,0,0,0,1,1,1,NA,1,NA,1,0
ISC: Pemphis: *ŋira →*ŋera,1,1,NA,NA,NA,0,0,0,0,0,0,NA,NA,NA,NA,NA,NA,NA
Lex: person: *atamʷasara,0,0,0,0,0,0,1,1,1,1,0,0,0,0,0,0,0,0
Lex: person: *atadunu,0,0,0,0,0,0,0,0,1,0,1,1,1,1,1,1,1,0
Lex: pig: *bʷoe →*soʔai,1,1,1,0,0,0,0,0,0,0,0,0,0,0,0,0,0,0
Lex: place: *sara →*tanevanua,0,0,0,0,1,1,0,0,0,0,0,0,0,0,0,0,0,0
ISC: plant: *ɸasoʔ-i,0,0,0,0,0,0,0,0,0,0,0,1,1,1,1,1,NA,0
Lex: play: *oraora,NA,NA,NA,NA,1,NA,1,1,1,1,1,1,1,1,1,1,1,0
Mrp: Plural human: *bʷora,0,1,1,0,0,0,0,0,0,0,0,0,0,0,0,0,0,0
Mrp: Poss Gen 1sg: /mi nau/,0,0,0,0,1,1,0,0,0,0,0,0,0,0,0,0,0,0
Mrp: Potential: */te-… (ta)mʷasa/,0,0,0,1,0,0,1,1,0,0,0,0,0,0,0,0,0,0
Mrp: Potential: */te-… vɪs/,0,0,1,0,1,1,0,0,0,0,0,0,0,1,1,1,0,0
Mrp: Potential: */ʔa-… lai/,0,0,0,0,0,0,0,0,1,1,1,1,1,0,0,0,1,1
Mrp: prep 'Dative': *muni,0,0,0,0,0,0,1,1,1,1,1,1,1,1,1,1,1,1
Mrp: prep 'for': *ta-be...,0,0,0,0,0,0,0,0,1,1,1,0,0,0,0,0,1,0
Mrp: prep 'for...': *abe,1,1,1,1,1,1,1,1,1,1,1,1,0,0,0,0,1,1
Mrp: prep 'Instr': *nia,0,0,0,0,0,0,0,0,0,0,0,1,1,0,0,0,1,0
Mrp: prep 'of':  /nɛ/,0,0,0,0,1,1,0,0,0,0,0,0,0,0,0,0,0,0
Mrp: prep 'of':  /avan/,0,0,0,0,0,0,0,0,0,0,0,0,0,0,0,1,0,0
"Mrp: prep 'on, above': *ra-na",1,1,1,0,0,0,1,1,0,0,0,0,0,0,0,0,0,0
"Mrp: prep 'on, above': *mage",0,0,0,0,0,0,0,0,0,0,0,1,1,1,1,1,1,0
Mrp: Preterite: *me-… ti,0,0,1,1,1,1,1,1,1,1,1,0,0,0,0,0,0,0
Mrp: Prohib: */(me)te… lera/,0,0,0,0,0,0,0,0,0,0,0,0,0,1,1,1,0,0
Mrp: Prohib: */toʔa/,0,0,0,0,0,1,1,1,1,1,NA,1,1,0,0,0,1,0
Mrp: pronoun doubling: *nia ni- →/ninə/++,1,0,0,0,0,0,0,0,0,0,0,0,0,0,0,0,0,0
Lex: properly: */torimate/,0,0,0,1,0,0,1,0,0,0,0,0,0,0,0,0,0,0
Lex: properly: /ʔalsV/,0,0,1,NA,1,1,0,0,0,0,0,0,0,0,0,0,0,0
Lex: properly: /taɸul/,0,0,0,0,0,0,0,0,0,0,0,0,1,1,0,0,0,0
Lex: pudding: *labalaba,0,0,0,0,0,0,0,0,0,0,0,1,1,0,0,0,0,0
Lex: pudding: *taʔoɸe,1,1,1,1,1,1,1,0,0,0,0,0,0,0,0,0,0,0
Lex: pudding: *varoro,0,0,0,0,0,0,0,0,0,0,0,0,0,NA,1,1,0,0
Lex: pudding: *logo,0,0,0,0,0,0,0,0,1,1,1,0,0,0,0,0,1,1
"ISC: pull: *r[a,e]ɸe",0,0,1,1,1,0,1,1,1,1,0,1,1,1,1,NA,1,1
ISC: pull out: *goe → *goŋe,0,0,1,0,0,0,1,1,0,0,0,0,0,0,0,0,0,0
Mrp: Quotative: /dɛ/,0,0,1,0,0,0,0,0,0,0,0,0,0,0,0,0,0,0
Mrp: Quotative: */so/,0,0,0,1,NA,1,1,1,0,0,0,0,0,0,0,0,0,0
Mrp: Quotative: /roŋ/,0,0,0,0,0,0,0,0,0,0,0,0,1,1,1,0,0,0
Mrp: Quotative: */wa/,0,0,0,0,0,1,1,0,0,0,1,1,0,0,0,0,1,1
Lex: rain: *usa → *weda,1,1,1,1,1,1,1,1,1,1,1,0,0,0,0,0,0,0
Lex: rain: *usa → *reu,0,0,0,0,0,0,0,0,0,0,0,1,1,0,0,0,1,0
Lex: random: *ɸalagaraʔi,0,0,1,1,0,0,1,1,1,0,0,0,0,0,0,0,0,0
Lex: reach: *diŋa → *wasa,1,1,1,1,0,0,1,0,0,0,0,0,0,0,0,0,0,0
ISC: real: *turu →*turuʔi,0,0,0,0,0,0,0,0,0,0,0,NA,1,1,1,1,0,0
ISC: Recip: *pa(R)i,0,0,0,0,0,0,0,0,0,0,0,0,1,1,1,1,0,NA
Lex: red: *lawalawa,0,0,0,1,1,1,1,0,0,0,0,0,0,0,0,0,0,0
Lex: remote: */bʷiti/,0,0,0,0,0,0,1,1,1,0,0,0,0,0,0,0,0,0
Lex: Restrictive: *wia,0,0,1,1,1,1,1,0,0,0,0,0,0,0,0,0,0,0
Lex: Restrictive: *ʔabu,0,0,0,0,0,0,0,0,1,1,1,1,0,0,0,0,1,0
Lex: Restrictive general: *wora,0,0,0,0,0,0,0,0,0,0,0,0,1,1,1,1,0,0
Lex: Restrictive Num: *wora,0,0,0,1,1,1,NA,NA,NA,NA,1,NA,1,1,1,1,NA,1
Lex: Reversive: *gelu,0,0,0,0,0,0,1,1,1,1,1,1,1,1,1,NA,1,0
RSC: rhotic: *r>j,0,0,1,1,1,1,0,0,0,0,0,0,0,0,0,0,0,0
Lex: ripe: *baeʔo,0,0,0,0,0,0,0,0,0,0,0,0,1,0,0,0,1,0
ISC: road: *mata-i sala>-salei,0,0,0,0,0,0,0,0,0,0,0,0,0,0,1,1,0,0
Lex: road: *mata-i sala,0,1,1,1,1,1,1,1,0,1,1,0,0,1,1,1,1,0
Lex: run: *ɸalaʔo,1,1,1,1,1,1,1,NA,NA,NA,1,0,0,0,0,0,0,0
Lex: run: *siᵑgiri,0,0,1,1,NA,1,0,0,0,0,0,0,0,0,0,0,0,0
Lex: run: *ɸiriʔo,0,0,0,0,0,0,0,1,1,1,0,0,0,0,0,0,0,0
Lex: run: *ʔinitaʔi,0,0,0,0,0,0,0,0,0,0,0,0,0,1,NA,1,0,0
Lex: run: *ʔisira,0,0,0,0,0,0,0,0,0,0,0,0,1,NA,NA,NA,1,0
RSC: s>h: *s>h,0,0,0,0,1,1,0,0,0,0,0,0,0,0,0,1,0,0
ISC: sad: *maʔarosina,0,1,1,0,1,1,1,1,0,0,0,0,0,0,0,0,0,0
ISC: sad: *mamarosaʔi,0,0,0,1,NA,NA,NA,NA,1,1,0,0,0,0,0,0,0,0
ISC: sad: *maʔarosa,0,1,1,0,1,1,1,1,0,0,1,1,NA,0,0,0,NA,0
Lex: sad: *lolo- + *ʔono,0,0,1,NA,1,1,NA,1,1,1,1,1,1,NA,NA,1,1,0
Lex: sad: *matenarova,0,0,0,0,0,0,0,0,0,0,0,0,1,0,0,0,1,0
ISC: sago: *ato →*ota,0,0,NA,1,1,1,0,0,1,1,1,NA,NA,NA,NA,NA,NA,NA
Lex: sago: *qatop →*tagura,0,0,1,0,0,0,0,0,0,0,0,1,1,1,1,1,1,1
ISC: sail: *ʔabani →ʔabane,0,0,1,1,1,1,1,0,0,0,1,0,0,0,0,0,0,0
ISC: sand: *one → *eno,1,1,1,0,NA,NA,0,0,0,0,0,0,0,0,0,0,0,0
Phr: Sbj ambient cl.: *masaoi,0,0,1,1,1,1,0,0,0,0,0,0,0,0,0,0,0,0
ISC: scratch: *ʔaru →*garu,1,1,NA,NA,0,0,1,1,1,1,1,0,0,0,0,0,0,0
Lex: sea: *tasi →*nawo,0,0,0,1,1,1,1,1,1,1,1,1,1,1,1,1,1,0
Prg: seawards: *rowo + *siwo,0,0,0,0,0,0,0,0,0,0,1,0,0,0,0,0,1,0
Lex: see: *tede,0,0,0,0,0,0,1,1,0,0,0,0,0,0,0,0,0,0
Lex: see: *ite… →*ilo,1,0,0,0,0,0,0,0,1,1,1,0,1,1,0,0,1,0
Lex: seek: *soge,0,0,0,0,1,1,1,1,1,0,1,0,0,0,0,0,0,0
Lex: seek: *sige,0,0,0,0,0,0,0,1,1,1,1,0,0,0,0,0,0,0
Lex: seek: *ami,0,0,0,0,0,0,0,0,0,0,0,0,1,1,1,1,0,0
Lex: seek: *ilo,0,0,0,0,0,0,0,0,0,0,0,1,0,0,0,0,1,0
Lex: shallow: *mʷeretaᵑge,0,0,0,0,0,0,0,0,0,0,0,1,1,NA,NA,0,1,0
ISC: shark: *bakewa>*bakoa,0,0,0,0,0,1,1,0,1,1,1,1,1,0,0,0,1,0
ISC: sharpen: tasuŋi> tasoŋi,0,0,0,0,0,0,0,0,0,0,1,1,1,NA,0,0,1,1
ISC: sharpen: *tasu > tasuŋi,0,0,0,0,0,0,0,0,0,0,1,1,1,1,1,1,1,1
ISC: sharpen: *tasi > tasu,0,0,NA,0,0,0,NA,0,1,1,1,1,1,1,1,1,1,1
ISC: shoot: *ɸina>*ɸinai,0,0,0,0,0,0,0,0,0,0,0,0,0,0,1,1,0,0
ISC: shoot: *ɸa/ina>*ɸene,0,0,0,0,0,0,NA,NA,1,1,1,1,1,0,0,0,1,1
ISC: shoot: *ɸana>*ɸina,NA,1,1,NA,1,1,NA,NA,NA,NA,NA,NA,NA,1,1,1,NA,NA
Lex: short: *bʷotobʷoto,0,0,1,1,1,0,1,1,0,0,0,0,0,0,0,0,0,0
Lex: shoulder: *bʷateʔi-bani,0,0,1,1,1,1,1,1,1,1,1,1,1,1,1,1,0,0
Lex: sick: *ʔoᵐba,0,0,1,1,1,1,1,NA,NA,NA,1,0,0,0,0,0,0,0
Lex: sick: /lɔs/,0,0,0,0,0,0,0,NA,1,1,0,0,0,0,0,0,0,0
Lex: sick: *semʷa,0,0,0,0,0,0,0,0,0,1,0,1,1,1,1,1,1,0
Lex: sing: /sɛ/,0,0,0,0,1,1,0,0,0,0,0,0,0,0,0,0,0,0
Lex: sing: *tuwae,0,0,0,0,0,0,0,0,0,0,0,0,1,1,NA,0,0,0
Lex: sing: *rawu,0,0,0,0,0,0,0,0,1,0,1,1,0,0,0,0,1,0
Lex: sit: *saʔe →*bute,0,0,0,0,0,0,1,0,0,0,1,0,0,0,0,0,0,0
Lex: skin: *kulit → *ɸunit,0,0,1,1,1,1,1,1,1,1,1,1,1,NA,1,1,1,1
Lex: sleep: *maturu →*maɸuta,0,0,0,0,0,0,0,0,1,1,0,0,0,0,0,0,0,0
Lex: sleep: *maturu →*ŋoro,0,0,0,0,0,0,0,0,0,0,0,0,1,1,1,1,1,0
ISC: slit drum: *(wa)-gore,0,0,0,0,0,0,0,0,1,1,0,1,1,1,1,0,1,0
ISC: smoke: *asu →*asua,0,0,1,1,1,1,0,0,0,0,0,0,0,0,0,0,0,0
Lex: soft: *mʷaʔisiʔisi,0,0,0,0,0,0,0,0,0,0,1,1,0,0,0,0,0,0
Lex: soul: *tala-,0,0,0,1,1,1,1,0,0,0,0,0,0,0,0,0,0,0
Lex: space: *atu →ɸano,1,1,1,1,1,1,0,0,0,0,0,0,0,0,0,0,0,0
Lex: space: *sake →ɸene,1,1,1,0,0,0,0,0,0,0,0,0,0,0,0,0,0,0
Lex: space: *sare →il(a),1,1,1,0,0,0,0,0,0,0,0,0,0,0,0,0,0,0
Lex: space: *suwo →roro,0,0,0,0,0,0,0,0,0,0,0,1,1,1,1,0,0,0
Prg: space: merger of scales1,1,1,1,1,1,1,0,0,0,0,0,0,0,0,0,0,0,0
Prg: space: merger of scales2,1,1,1,1,1,1,1,1,1,1,0,0,0,0,0,0,0,0
Lex: spit: *anusi →*ʔaramʷisi,0,0,1,1,0,0,1,1,1,1,0,0,0,0,0,0,0,0
ISC: split: *mavora²,0,0,1,1,1,1,1,1,1,1,0,0,0,0,0,0,0,0
ISC: split: *maʔora,0,0,0,0,0,0,0,0,0,0,0,1,1,NA,1,0,NA,1
Lex: split: *matalatala,1,1,0,0,0,0,0,0,0,0,0,0,0,0,0,0,0,0
ISC: Spondias: *uRi(s) →*oRi(s),0,0,0,1,NA,1,NA,0,0,1,0,0,1,NA,NA,0,0,NA
ISC: Spondias: *uRis > *uis,0,0,0,0,NA,0,NA,0,0,0,1,1,0,NA,NA,0,1,1
ISC: Spondias: *uis>*uis-a,0,0,0,0,0,0,0,0,0,0,0,0,0,0,0,0,1,1
Lex: spouse: *ʔunu,0,0,0,1,1,1,1,1,1,1,0,0,0,0,0,1,0,0
ISC: squeeze: *ɸiri →*ʔaɸiri,0,0,1,1,NA,1,1,1,1,1,1,1,0,NA,NA,0,0,0
ISC: squeeze: *ʔaɸiri →*ɸaʔiri,0,0,1,0,NA,1,1,1,1,0,0,0,0,NA,NA,0,0,NA
ISC: stand: *tuʔur(i),0,0,NA,NA,1,1,NA,1,1,1,1,1,1,1,1,1,1,NA
Lex: stand: *tuqur →*tira,0,0,0,0,0,0,1,0,0,0,1,0,0,0,0,0,0,0
Lex : stand up: *taɸaraga,0,0,0,0,0,0,0,0,0,0,1,1,0,0,0,0,1,1
Lex: star: *ɸitui →*mʷasao,0,0,0,0,0,0,0,1,1,1,0,0,0,1,NA,1,0,0
Mrp: Stative: *na ʔai,1,1,1,1,1,1,1,1,1,1,NA,NA,NA,NA,1,1,0,0
Mrp: Stative: *ɸe,0,0,0,0,0,0,0,0,0,0,1,1,1,1,0,0,0,0
Lex: steal: *balu,0,0,1,1,1,1,1,1,1,1,1,1,1,1,1,1,1,1
Lex: still: *laɸatoi,0,0,0,1,1,1,0,0,0,0,0,0,0,0,0,0,0,0
Phr: story: *ɸaɸa ta mʷoa(ʔa),0,0,0,1,1,1,0,0,0,0,0,0,0,0,0,0,0,0
ISC: straight: *taninene>-nere,1,1,1,0,0,0,0,0,0,0,0,0,0,0,0,0,0,0
ISC: straight: *taninene>-niʔa,0,0,0,0,0,0,0,0,1,1,1,1,1,NA,0,0,1,1
Lex: strong: /mɛnɛʔ/,0,0,0,0,0,0,0,0,1,1,0,0,0,0,0,0,0,0
Lex: sun: *aloa,NA,1,1,1,1,1,1,1,1,1,1,1,1,1,1,1,1,1
Lex: sweat: *lalaisi,1,1,1,1,1,0,1,0,0,0,1,0,0,0,0,0,0,0
Lex: sweet: *nanasu,0,0,0,1,1,1,1,0,0,0,0,0,0,0,0,0,0,0
Lex: sweet: *deremʷotu,0,0,0,0,0,0,0,0,0,0,1,1,1,NA,NA,1,1,0
ISC: take: *laɸi > *lai,0,0,NA,1,1,0,1,1,1,1,0,1,1,1,1,1,1,1
Lex: take long: *misini,0,0,0,0,1,1,1,1,0,0,0,0,0,0,0,0,0,0
ISC: take rest: *mabʷusaʔi (labiov),0,1,1,1,1,1,0,0,0,0,0,0,0,0,0,0,0,0
Lex: take rest: *mabusaʔi,0,1,1,1,1,1,1,1,1,1,1,1,1,1,1,1,1,1
Lex: talk: *ɸaʔaɸaʔa,1,1,0,0,0,0,0,0,0,0,0,0,0,0,0,0,0,0
Lex: talk: *ɸaɸa,0,0,1,1,1,1,1,0,0,0,0,0,0,0,0,0,0,0
Lex: talk: *tege,0,0,0,0,0,0,1,1,0,0,0,0,0,0,0,0,0,0
Lex: talk: *ɸalawa,0,0,0,0,0,0,0,0,0,0,0,0,0,1,1,0,0,0
ISC: tear: *sare →*sere,1,1,1,0,0,0,NA,1,1,0,0,NA,NA,NA,NA,NA,NA,0
Lex: ten: /ʔapræ/,0,0,0,0,0,0,0,0,0,0,0,0,0,0,0,1,0,0
Lex: testicles: *tolu-i manu,0,0,1,1,0,0,0,0,0,0,0,0,0,0,0,0,0,0
"Lex: thick, fat: *tutuᵐbu",0,0,0,0,0,0,0,0,0,0,0,1,1,1,NA,1,1,0
Lex: thigh: *vage,1,1,1,1,1,1,1,1,1,1,NA,NA,1,1,1,1,1,0
Lex: thin: *marivirivi,1,1,0,0,0,0,0,0,0,0,0,0,0,0,0,0,0,0
ISC: think: *dom → *dodo,1,1,1,1,1,0,1,0,0,0,0,0,0,0,0,0,0,0
Lex : this way + Direc: *gelu,0,0,0,0,0,0,1,1,1,NA,1,1,0,0,0,0,0,0
ISC: tide: *Ruap(i),0,0,0,0,0,0,0,NA,NA,NA,1,1,1,NA,NA,NA,1,NA
Lex: tie: *talo,0,0,0,0,0,0,1,1,0,0,0,0,0,0,0,0,0,0
Lex: tie: *ɸirisi,0,0,0,0,0,0,0,0,1,1,0,0,0,0,0,0,0,0
ISC: timFocus: *Cak → *mak,0,0,0,0,0,0,1,1,0,0,0,0,0,0,0,0,0,0
ISC: timFocus: *bʷara →gara,0,0,0,0,0,0,0,0,1,1,0,0,0,0,0,0,0,0
Lex: timFocus: *bʷara,0,0,0,0,1,1,0,0,1,1,1,1,1,1,0,0,1,NA
Lex: to go: Sg: */to/,1,0,0,0,0,0,0,0,0,0,0,0,0,0,0,0,0,0
Lex: today: *karabʷai,0,0,0,0,0,0,0,0,1,1,0,0,0,0,0,0,0,0
Lex: tomorrow: *taluʔo,0,0,1,1,1,1,1,1,1,1,1,0,1,1,1,1,0,0
Lex: too much: */masu/,0,0,1,1,1,1,0,0,0,0,0,0,0,0,0,0,0,0
Lex: totally: *bʷeti,0,0,1,1,1,1,1,1,1,1,1,0,0,0,0,0,0,0
Mrp: trial pron: metath.,0,0,0,0,0,0,0,0,0,0,0,0,1,1,1,1,0,0
Lex: true: *ⁿdunu,0,0,0,0,0,0,0,NA,1,1,1,1,1,0,0,0,0,0
Lex: true: */ɸowia/,1,1,0,0,0,0,0,0,0,0,0,0,0,0,0,0,0,0
Lex: true: */tamʷasV/,0,0,1,1,0,0,0,0,0,0,0,0,0,0,0,0,0,0
Lex: true: *ɸutiwia,0,0,0,0,0,0,0,0,0,0,0,0,0,1,1,1,0,0
ISC: turtle: *aɸua →*auwa,0,0,1,1,1,1,1,1,1,1,1,1,1,1,1,1,1,1
ISC: urine: *mimiR>*meme(R),1,1,1,1,1,1,1,1,1,1,1,1,1,NA,NA,0,NA,1
Mrp: Valuables: *bula,0,0,0,0,0,0,0,1,1,1,1,1,1,1,1,1,1,1
RSC: velar fricative: *r > ɣ,1,0,0,0,0,0,0,0,0,0,0,0,0,0,0,0,0,0
Sytx: verbal number: (certain verbs),1,1,0,0,0,0,0,0,0,0,0,0,0,0,0,0,0,0
Lex: village: *ɸarea,0,0,0,0,0,0,0,0,0,0,0,0,1,0,0,0,1,1
RSC: vowel system 1: 7+1 vowels,0,0,0,0,0,0,0,0,0,0,0,0,1,1,0,0,0,0
Lex: vulva: *visi,0,0,1,1,1,1,1,1,1,1,0,0,0,0,0,0,0,0
Lex: vulva: *tere,0,0,0,0,0,0,0,0,0,0,1,1,1,1,1,1,1,0
Lex: water: *waiR →*bei,1,1,1,1,1,1,1,1,1,1,1,1,1,1,1,NA,1,1
Lex: water: *tuŋu,0,0,0,0,0,0,0,0,0,0,0,0,0,0,0,1,0,0
Lex: wet: *samʷale →*/seŋej/,0,0,0,0,1,1,0,0,0,0,0,0,0,0,0,0,0,0
Lex: wet: *samʷale →*/ŋolo/,0,0,0,0,0,0,0,0,0,0,0,0,0,1,1,0,0,0
Lex: wet:  /bom/,0,0,0,0,0,0,0,0,0,0,0,1,0,0,0,0,1,0
Mrp: what: *sava →sa(a),1,0,1,0,0,0,0,0,0,0,1,1,1,1,1,1,0,0
Lex: white: *lulu →*abʷaʔa,0,0,0,0,1,1,1,1,1,1,1,0,0,0,0,0,0,0
Lex: white: *lulu →*weⁿde,0,0,0,0,0,0,0,0,0,0,0,1,1,1,1,1,1,0
Mrp: why?: *abe saɸa,0,0,1,1,1,1,1,0,0,0,1,0,0,0,0,0,0,1
Lex: wing: *bani →*ʔabau,0,0,0,0,0,0,1,1,1,1,0,0,0,0,0,0,0,0
"Lex: with, and: *biriŋi",0,0,0,0,0,0,1,1,1,1,0,0,0,0,0,0,0,0
Lex: woman: /tawa/,0,0,0,0,0,0,0,0,0,0,0,1,0,0,0,0,0,0
Lex: woman: *lobʷeɸine,1,1,1,1,1,1,0,0,0,0,0,0,0,0,0,0,0,0
Lex: woman: *raŋai,0,0,0,0,0,0,1,1,0,0,0,0,0,0,0,0,0,0
Lex: woman: /ʔamtʊ/,0,0,0,0,0,0,0,0,0,0,0,0,0,0,0,1,0,0
Lex: woman: *rabʷai,0,0,0,0,0,0,0,0,1,1,0,NA,1,1,1,NA,0,0
ISC: wood: *ʔai →*raʔai,1,1,0,0,0,0,0,0,0,0,0,1,1,1,1,1,0,0
ISC: wood: *tanuʔai,0,0,1,1,1,1,1,1,1,1,1,0,0,0,0,0,1,0
Lex: yam: *damu →*sinaʔa,0,0,0,0,1,1,0,0,0,0,0,0,0,0,0,0,0,0
ISC: year: *tau →*tawu,0,0,0,0,0,0,0,0,0,0,0,1,1,1,0,0,0,0
ISC: yellow: *aŋo² →*ŋo(ra)ŋora,0,0,1,1,1,1,1,1,0,0,0,0,0,0,0,0,0,0
ISC: yesterday: *nañoRap,0,0,0,0,0,0,0,0,0,0,0,1,1,1,1,1,1,1
